{"cameraMode":{"drawMode":0,"name":"Shaded","section":"Shading Mode"},"sceneLighting":false,"audioPlay":false,"sceneViewState":{"m_AlwaysRefresh":false,"showFog":true,"showSkybox":false,"showFlares":true,"showImageEffects":true,"showParticleSystems":true,"showVisualEffectGraphs":true,"m_FxEnabled":false},"in2DMode":false,"pivot":{"x":-0.024105295538902284,"y":0.4226512908935547,"z":-1.2680740356445313},"rotation":{"x":0.34921208024024966,"y":0.6289336681365967,"z":-0.3759712874889374,"w":0.5841213464736939},"size":9.979750633239746,"orthographic":false}