{"cameraMode":{"drawMode":0,"name":"Shaded","section":"Shading Mode"},"sceneLighting":false,"audioPlay":false,"sceneViewState":{"m_AlwaysRefresh":false,"showFog":true,"showSkybox":false,"showFlares":true,"showImageEffects":true,"showParticleSystems":true,"showVisualEffectGraphs":true,"m_FxEnabled":false},"in2DMode":false,"pivot":{"x":-1.3194514513015748,"y":2.3073043823242189,"z":4.844450950622559},"rotation":{"x":0.3257702887058258,"y":0.00031081726774573326,"z":-0.00005644303746521473,"w":0.9454925656318665},"size":5.641066074371338,"orthographic":false}